tarih,profil,isletme,telefon,skor,tip,sahiplenilmemis,hizmetler,gerekce,harita,whatsapp_link,durum
2026-07-07,özel arama: diş kliniği Kadıköy İstanbul,Kozyatağı Ağız ve Diş Sağlığı Polikliniği,+902164725331,70,prime,,Web tasarım; Sosyal medya yönetimi,"⭐ BAŞARILI AMA GÖRÜNMEZ — işi iyi, dijitali zayıf (öncelikli) | Web sitesi yok | Instagram hesabı bulunamadı | Facebook sayfası bulunamadı",https://maps.google.com/?cid=7253788072412371326,https://wa.me/902164725331?text=Merhaba%2C%20Kozyata%C4%9F%C4%B1%20A%C4%9F%C4%B1z%20ve%20Di%C5%9F%20Sa%C4%9Fl%C4%B1%C4%9F%C4%B1%20Poliklini%C4%9Fi%20ekibi%20%F0%9F%91%8B%0A%0ABen%20Veridia%20Reklam%27dan%20yaz%C4%B1yorum.%20Google%27da%20i%C5%9Fletmenizi%20incelerken%20bir%20web%20sitenizin%20olmad%C4%B1%C4%9F%C4%B1n%C4%B1%20fark%20ettik%3B%20oysa%20154%2B%20yorumla%20ciddi%20bir%20m%C3%BC%C5%9Fteri%20kitleniz%20var.%20Sizin%20gibi%20i%C5%9Fini%20iyi%20yapan%20bir%20i%C5%9Fletmenin%20internette%20de%20hak%20etti%C4%9Fi%20yeri%20almas%C4%B1n%C4%B1%20sa%C4%9Flayabiliriz.%0A%0A%C3%96zellikle%20web%20tasar%C4%B1m%20ve%20sosyal%20medya%20y%C3%B6netimi%20konusunda%20k%C4%B1sa%20bir%20fikir%20al%C4%B1%C5%9Fveri%C5%9Fi%20yapmak%20isteriz.%20Uygun%20oldu%C4%9Funuz%20bir%20zaman%2010%20dakikal%C4%B1k%20bir%20g%C3%B6r%C3%BC%C5%9Fme%20ayarlayabilir%20miyiz%3F%0A%0A%C4%B0yi%20%C3%A7al%C4%B1%C5%9Fmalar%20dileriz.,yeni
2026-07-07,özel arama: diş kliniği Kadıköy İstanbul,Uzman Diş Hekimi Dr. İlkan Çelik | Kadıköy / Göztepe Diş Hekimi | Kanal Tedavisi Uzmanı / Endodontist | Göztepe Diş Kliniği,+902165670535,70,prime,,Web tasarım; Sosyal medya yönetimi,"⭐ BAŞARILI AMA GÖRÜNMEZ — işi iyi, dijitali zayıf (öncelikli) | Web sitesi yok | Instagram hesabı bulunamadı | Facebook sayfası bulunamadı",https://maps.google.com/?cid=15395667873126423413,https://wa.me/902165670535?text=Merhaba%2C%20Uzman%20Di%C5%9F%20Hekimi%20Dr.%20%C4%B0lkan%20%C3%87elik%20%7C%20Kad%C4%B1k%C3%B6y%20/%20G%C3%B6ztepe%20Di%C5%9F%20Hekimi%20%7C%20Kanal%20Tedavisi%20Uzman%C4%B1%20/%20Endodontist%20%7C%20G%C3%B6ztepe%20Di%C5%9F%20Klini%C4%9Fi%20ekibi%20%F0%9F%91%8B%0A%0ABen%20Veridia%20Reklam%27dan%20yaz%C4%B1yorum.%20Google%27da%20i%C5%9Fletmenizi%20incelerken%20bir%20web%20sitenizin%20olmad%C4%B1%C4%9F%C4%B1n%C4%B1%20fark%20ettik%3B%20oysa%20187%2B%20yorumla%20ciddi%20bir%20m%C3%BC%C5%9Fteri%20kitleniz%20var.%20Sizin%20gibi%20i%C5%9Fini%20iyi%20yapan%20bir%20i%C5%9Fletmenin%20internette%20de%20hak%20etti%C4%9Fi%20yeri%20almas%C4%B1n%C4%B1%20sa%C4%9Flayabiliriz.%0A%0A%C3%96zellikle%20web%20tasar%C4%B1m%20ve%20sosyal%20medya%20y%C3%B6netimi%20konusunda%20k%C4%B1sa%20bir%20fikir%20al%C4%B1%C5%9Fveri%C5%9Fi%20yapmak%20isteriz.%20Uygun%20oldu%C4%9Funuz%20bir%20zaman%2010%20dakikal%C4%B1k%20bir%20g%C3%B6r%C3%BC%C5%9Fme%20ayarlayabilir%20miyiz%3F%0A%0A%C4%B0yi%20%C3%A7al%C4%B1%C5%9Fmalar%20dileriz.,yeni
2026-07-07,özel arama: diş kliniği Kadıköy İstanbul,Erdal Ultav Dis Klinigi,+905301535411,70,prime,,Web tasarım; Sosyal medya yönetimi,"⭐ BAŞARILI AMA GÖRÜNMEZ — işi iyi, dijitali zayıf (öncelikli) | Web sitesi yok | Instagram hesabı bulunamadı | Facebook sayfası bulunamadı",https://maps.google.com/?cid=9277639967822064765,https://wa.me/905301535411?text=Merhaba%2C%20Erdal%20Ultav%20Dis%20Klinigi%20ekibi%20%F0%9F%91%8B%0A%0ABen%20Veridia%20Reklam%27dan%20yaz%C4%B1yorum.%20Google%27da%20i%C5%9Fletmenizi%20incelerken%20bir%20web%20sitenizin%20olmad%C4%B1%C4%9F%C4%B1n%C4%B1%20fark%20ettik%3B%20oysa%20106%2B%20yorumla%20ciddi%20bir%20m%C3%BC%C5%9Fteri%20kitleniz%20var.%20Sizin%20gibi%20i%C5%9Fini%20iyi%20yapan%20bir%20i%C5%9Fletmenin%20internette%20de%20hak%20etti%C4%9Fi%20yeri%20almas%C4%B1n%C4%B1%20sa%C4%9Flayabiliriz.%0A%0A%C3%96zellikle%20web%20tasar%C4%B1m%20ve%20sosyal%20medya%20y%C3%B6netimi%20konusunda%20k%C4%B1sa%20bir%20fikir%20al%C4%B1%C5%9Fveri%C5%9Fi%20yapmak%20isteriz.%20Uygun%20oldu%C4%9Funuz%20bir%20zaman%2010%20dakikal%C4%B1k%20bir%20g%C3%B6r%C3%BC%C5%9Fme%20ayarlayabilir%20miyiz%3F%0A%0A%C4%B0yi%20%C3%A7al%C4%B1%C5%9Fmalar%20dileriz.,yeni
2026-07-07,özel arama: diş kliniği Kadıköy İstanbul,Özel İDentik Ağız Ve Diş Sağlığı Polikliniği | Bağdat Caddesi Dental Clinic,+905394336845,65,prime,,Web sitesi yenileme; Sosyal medya yönetimi,"⭐ BAŞARILI AMA GÖRÜNMEZ — işi iyi, dijitali zayıf (öncelikli) | Web sitesi açılmıyor | Instagram hesabı bulunamadı | Facebook sayfası bulunamadı",https://maps.google.com/?cid=5591964193511021993,https://wa.me/905394336845?text=Merhaba%2C%20%C3%96zel%20%C4%B0Dentik%20A%C4%9F%C4%B1z%20Ve%20Di%C5%9F%20Sa%C4%9Fl%C4%B1%C4%9F%C4%B1%20Poliklini%C4%9Fi%20%7C%20Ba%C4%9Fdat%20Caddesi%20Dental%20Clinic%20ekibi%20%F0%9F%91%8B%0A%0ABen%20Veridia%20Reklam%27dan%20yaz%C4%B1yorum.%20Web%20sitenizin%20%C5%9Fu%20an%20a%C3%A7%C4%B1lmad%C4%B1%C4%9F%C4%B1n%C4%B1%20fark%20ettik%20%E2%80%94%20potansiyel%20m%C3%BC%C5%9Fteri%20kayb%C4%B1%20olabilir.%20Sizin%20gibi%20i%C5%9Fini%20iyi%20yapan%20bir%20i%C5%9Fletmenin%20internette%20de%20hak%20etti%C4%9Fi%20yeri%20almas%C4%B1n%C4%B1%20sa%C4%9Flayabiliriz.%0A%0A%C3%96zellikle%20web%20sitesi%20yenileme%20ve%20sosyal%20medya%20y%C3%B6netimi%20konusunda%20k%C4%B1sa%20bir%20fikir%20al%C4%B1%C5%9Fveri%C5%9Fi%20yapmak%20isteriz.%20Uygun%20oldu%C4%9Funuz%20bir%20zaman%2010%20dakikal%C4%B1k%20bir%20g%C3%B6r%C3%BC%C5%9Fme%20ayarlayabilir%20miyiz%3F%0A%0A%C4%B0yi%20%C3%A7al%C4%B1%C5%9Fmalar%20dileriz.,yeni
2026-07-07,özel arama: diş kliniği Kadıköy İstanbul,Özel Marmara Ağız ve Diş Sağlığı Polikliniği,+902163461919,65,prime,,Web sitesi yenileme; Sosyal medya yönetimi,"⭐ BAŞARILI AMA GÖRÜNMEZ — işi iyi, dijitali zayıf (öncelikli) | Web sitesi açılmıyor | Instagram hesabı bulunamadı | Facebook sayfası bulunamadı",https://maps.google.com/?cid=1217170615666959330,https://wa.me/902163461919?text=Merhaba%2C%20%C3%96zel%20Marmara%20A%C4%9F%C4%B1z%20ve%20Di%C5%9F%20Sa%C4%9Fl%C4%B1%C4%9F%C4%B1%20Poliklini%C4%9Fi%20ekibi%20%F0%9F%91%8B%0A%0ABen%20Veridia%20Reklam%27dan%20yaz%C4%B1yorum.%20Web%20sitenizin%20%C5%9Fu%20an%20a%C3%A7%C4%B1lmad%C4%B1%C4%9F%C4%B1n%C4%B1%20fark%20ettik%20%E2%80%94%20potansiyel%20m%C3%BC%C5%9Fteri%20kayb%C4%B1%20olabilir.%20Sizin%20gibi%20i%C5%9Fini%20iyi%20yapan%20bir%20i%C5%9Fletmenin%20internette%20de%20hak%20etti%C4%9Fi%20yeri%20almas%C4%B1n%C4%B1%20sa%C4%9Flayabiliriz.%0A%0A%C3%96zellikle%20web%20sitesi%20yenileme%20ve%20sosyal%20medya%20y%C3%B6netimi%20konusunda%20k%C4%B1sa%20bir%20fikir%20al%C4%B1%C5%9Fveri%C5%9Fi%20yapmak%20isteriz.%20Uygun%20oldu%C4%9Funuz%20bir%20zaman%2010%20dakikal%C4%B1k%20bir%20g%C3%B6r%C3%BC%C5%9Fme%20ayarlayabilir%20miyiz%3F%0A%0A%C4%B0yi%20%C3%A7al%C4%B1%C5%9Fmalar%20dileriz.,yeni
2026-07-07,özel arama: diş kliniği Kadıköy İstanbul,Oral Sağlık Kadıköy (Diş Hekimi Çiçek Serdaroğlu),+902165454425,65,prime,,Web sitesi yenileme; Sosyal medya yönetimi,"⭐ BAŞARILI AMA GÖRÜNMEZ — işi iyi, dijitali zayıf (öncelikli) | Web sitesi açılmıyor | Instagram hesabı bulunamadı | Facebook sayfası bulunamadı",https://maps.google.com/?cid=9872115731478252218,https://wa.me/902165454425?text=Merhaba%2C%20Oral%20Sa%C4%9Fl%C4%B1k%20Kad%C4%B1k%C3%B6y%20%28Di%C5%9F%20Hekimi%20%C3%87i%C3%A7ek%20Serdaro%C4%9Flu%29%20ekibi%20%F0%9F%91%8B%0A%0ABen%20Veridia%20Reklam%27dan%20yaz%C4%B1yorum.%20Web%20sitenizin%20%C5%9Fu%20an%20a%C3%A7%C4%B1lmad%C4%B1%C4%9F%C4%B1n%C4%B1%20fark%20ettik%20%E2%80%94%20potansiyel%20m%C3%BC%C5%9Fteri%20kayb%C4%B1%20olabilir.%20Sizin%20gibi%20i%C5%9Fini%20iyi%20yapan%20bir%20i%C5%9Fletmenin%20internette%20de%20hak%20etti%C4%9Fi%20yeri%20almas%C4%B1n%C4%B1%20sa%C4%9Flayabiliriz.%0A%0A%C3%96zellikle%20web%20sitesi%20yenileme%20ve%20sosyal%20medya%20y%C3%B6netimi%20konusunda%20k%C4%B1sa%20bir%20fikir%20al%C4%B1%C5%9Fveri%C5%9Fi%20yapmak%20isteriz.%20Uygun%20oldu%C4%9Funuz%20bir%20zaman%2010%20dakikal%C4%B1k%20bir%20g%C3%B6r%C3%BC%C5%9Fme%20ayarlayabilir%20miyiz%3F%0A%0A%C4%B0yi%20%C3%A7al%C4%B1%C5%9Fmalar%20dileriz.,yeni
2026-07-07,özel arama: diş kliniği Kadıköy İstanbul,VİVİDENTA DENTAL KLİNİK,+902164161111,65,prime,,Web sitesi yenileme; Sosyal medya yönetimi,"⭐ BAŞARILI AMA GÖRÜNMEZ — işi iyi, dijitali zayıf (öncelikli) | Web sitesi açılmıyor | Instagram hesabı bulunamadı | Facebook sayfası bulunamadı",https://maps.google.com/?cid=9771426056102514921,https://wa.me/902164161111?text=Merhaba%2C%20V%C4%B0V%C4%B0DENTA%20DENTAL%20KL%C4%B0N%C4%B0K%20ekibi%20%F0%9F%91%8B%0A%0ABen%20Veridia%20Reklam%27dan%20yaz%C4%B1yorum.%20Web%20sitenizin%20%C5%9Fu%20an%20a%C3%A7%C4%B1lmad%C4%B1%C4%9F%C4%B1n%C4%B1%20fark%20ettik%20%E2%80%94%20potansiyel%20m%C3%BC%C5%9Fteri%20kayb%C4%B1%20olabilir.%20Sizin%20gibi%20i%C5%9Fini%20iyi%20yapan%20bir%20i%C5%9Fletmenin%20internette%20de%20hak%20etti%C4%9Fi%20yeri%20almas%C4%B1n%C4%B1%20sa%C4%9Flayabiliriz.%0A%0A%C3%96zellikle%20web%20sitesi%20yenileme%20ve%20sosyal%20medya%20y%C3%B6netimi%20konusunda%20k%C4%B1sa%20bir%20fikir%20al%C4%B1%C5%9Fveri%C5%9Fi%20yapmak%20isteriz.%20Uygun%20oldu%C4%9Funuz%20bir%20zaman%2010%20dakikal%C4%B1k%20bir%20g%C3%B6r%C3%BC%C5%9Fme%20ayarlayabilir%20miyiz%3F%0A%0A%C4%B0yi%20%C3%A7al%C4%B1%C5%9Fmalar%20dileriz.,yeni
2026-07-07,özel arama: diş kliniği Kadıköy İstanbul,Özel Mimoza Ağız ve Diş Sağlığı Polikliniği,+905469099473,65,prime,,Web sitesi yenileme; Sosyal medya yönetimi,"⭐ BAŞARILI AMA GÖRÜNMEZ — işi iyi, dijitali zayıf (öncelikli) | Web sitesi açılmıyor | Instagram hesabı bulunamadı | Facebook sayfası bulunamadı",https://maps.google.com/?cid=5274541616094669566,https://wa.me/905469099473?text=Merhaba%2C%20%C3%96zel%20Mimoza%20A%C4%9F%C4%B1z%20ve%20Di%C5%9F%20Sa%C4%9Fl%C4%B1%C4%9F%C4%B1%20Poliklini%C4%9Fi%20ekibi%20%F0%9F%91%8B%0A%0ABen%20Veridia%20Reklam%27dan%20yaz%C4%B1yorum.%20Web%20sitenizin%20%C5%9Fu%20an%20a%C3%A7%C4%B1lmad%C4%B1%C4%9F%C4%B1n%C4%B1%20fark%20ettik%20%E2%80%94%20potansiyel%20m%C3%BC%C5%9Fteri%20kayb%C4%B1%20olabilir.%20Sizin%20gibi%20i%C5%9Fini%20iyi%20yapan%20bir%20i%C5%9Fletmenin%20internette%20de%20hak%20etti%C4%9Fi%20yeri%20almas%C4%B1n%C4%B1%20sa%C4%9Flayabiliriz.%0A%0A%C3%96zellikle%20web%20sitesi%20yenileme%20ve%20sosyal%20medya%20y%C3%B6netimi%20konusunda%20k%C4%B1sa%20bir%20fikir%20al%C4%B1%C5%9Fveri%C5%9Fi%20yapmak%20isteriz.%20Uygun%20oldu%C4%9Funuz%20bir%20zaman%2010%20dakikal%C4%B1k%20bir%20g%C3%B6r%C3%BC%C5%9Fme%20ayarlayabilir%20miyiz%3F%0A%0A%C4%B0yi%20%C3%A7al%C4%B1%C5%9Fmalar%20dileriz.,yeni
2026-07-07,özel arama: diş kliniği Kadıköy İstanbul,Dent Kadıköy İmplant Ve Estetik Ağız Ve Diş Sağlığı Polikliniği,+902163478347,50,normal,,SEO optimizasyonu; Analytics kurulumu; Sosyal medya yönetimi; Google haritalar optimizasyonu,Sitede meta açıklaması yok (Google'da kötü görünüyor) | Ölçümleme (Analytics) kurulu değil — reklam verisi yok | Instagram hesabı bulunamadı | Facebook sayfası bulunamadı,https://maps.google.com/?cid=10719008303603609539,https://wa.me/902163478347?text=Merhaba%2C%20Dent%20Kad%C4%B1k%C3%B6y%20%C4%B0mplant%20Ve%20Estetik%20A%C4%9F%C4%B1z%20Ve%20Di%C5%9F%20Sa%C4%9Fl%C4%B1%C4%9F%C4%B1%20Poliklini%C4%9Fi%20ekibi%20%F0%9F%91%8B%0A%0ABen%20Veridia%20Reklam%27dan%20yaz%C4%B1yorum.%20Aktif%20bir%20Instagram%20hesab%C4%B1n%C4%B1za%20rastlayamad%C4%B1k%3B%20bu%20kanal%20sizin%20sekt%C3%B6r%C3%BCn%C3%BCzde%20%C3%A7ok%20i%C5%9F%20getiriyor.%20Sizin%20gibi%20i%C5%9Fini%20iyi%20yapan%20bir%20i%C5%9Fletmenin%20internette%20de%20hak%20etti%C4%9Fi%20yeri%20almas%C4%B1n%C4%B1%20sa%C4%9Flayabiliriz.%0A%0A%C3%96zellikle%20seo%20optimizasyonu%20ve%20analytics%20kurulumu%20konusunda%20k%C4%B1sa%20bir%20fikir%20al%C4%B1%C5%9Fveri%C5%9Fi%20yapmak%20isteriz.%20Uygun%20oldu%C4%9Funuz%20bir%20zaman%2010%20dakikal%C4%B1k%20bir%20g%C3%B6r%C3%BC%C5%9Fme%20ayarlayabilir%20miyiz%3F%0A%0A%C4%B0yi%20%C3%A7al%C4%B1%C5%9Fmalar%20dileriz.,yeni
2026-07-07,özel arama: diş kliniği Kadıköy İstanbul,ENDODENT,+902165651512,45,normal,,Web sitesi yenileme; Sosyal medya yönetimi,Web sitesi açılmıyor | Instagram hesabı bulunamadı | Facebook sayfası bulunamadı,https://maps.google.com/?cid=13989927771511703264,https://wa.me/902165651512?text=Merhaba%2C%20ENDODENT%20ekibi%20%F0%9F%91%8B%0A%0ABen%20Veridia%20Reklam%27dan%20yaz%C4%B1yorum.%20Web%20sitenizin%20%C5%9Fu%20an%20a%C3%A7%C4%B1lmad%C4%B1%C4%9F%C4%B1n%C4%B1%20fark%20ettik%20%E2%80%94%20potansiyel%20m%C3%BC%C5%9Fteri%20kayb%C4%B1%20olabilir.%20Sizin%20gibi%20i%C5%9Fini%20iyi%20yapan%20bir%20i%C5%9Fletmenin%20internette%20de%20hak%20etti%C4%9Fi%20yeri%20almas%C4%B1n%C4%B1%20sa%C4%9Flayabiliriz.%0A%0A%C3%96zellikle%20web%20sitesi%20yenileme%20ve%20sosyal%20medya%20y%C3%B6netimi%20konusunda%20k%C4%B1sa%20bir%20fikir%20al%C4%B1%C5%9Fveri%C5%9Fi%20yapmak%20isteriz.%20Uygun%20oldu%C4%9Funuz%20bir%20zaman%2010%20dakikal%C4%B1k%20bir%20g%C3%B6r%C3%BC%C5%9Fme%20ayarlayabilir%20miyiz%3F%0A%0A%C4%B0yi%20%C3%A7al%C4%B1%C5%9Fmalar%20dileriz.,yeni
